Sample,PlateID,i7_name,i7_sequence,i5_name,i5_sequence
OmyJC19ROGR_0001,RR01,PT21,ATCACG,A01,AAACGG
OmyJC19ROGR_0002,RR01,PT21,ATCACG,B01,ACTCTT
OmyJC19ROGR_0003,RR01,PT21,ATCACG,C01,ATTCCG
OmyJC19ROGR_0004,RR01,PT21,ATCACG,D01,CGAGGC
OmyJC19ROGR_0005,RR01,PT21,ATCACG,E01,GAAATG
OmyJC19ROGR_0006,RR01,PT21,ATCACG,F01,GGACTT
OmyJC19ROGR_0007,RR01,PT21,ATCACG,G01,TAAGCT
OmyJC19ROGR_0008,RR01,PT21,ATCACG,H01,TCTTCT
OmyJC19ROGR_0009,RR01,PT21,ATCACG,A02,AACGTT
OmyJC19ROGR_0010,RR01,PT21,ATCACG,B02,ACTGGC
OmyJC19ROGR_0011,RR01,PT21,ATCACG,C02,CAAAAA
OmyJC19ROGR_0012,RR01,PT21,ATCACG,D02,CGCAGA
OmyJC19ROGR_0013,RR01,PT21,ATCACG,E02,GAACCA
OmyJC19ROGR_0014,RR01,PT21,ATCACG,F02,GGCAAG
OmyJC19ROGR_0015,RR01,PT21,ATCACG,G02,TAATTC
OmyJC19ROGR_0016,RR01,PT21,ATCACG,H02,TGAACC
OmyJC19ROGR_0017,RR01,PT21,ATCACG,A03,AACTGA
OmyJC19ROGR_0018,RR01,PT21,ATCACG,B03,AGCCAT
OmyJC19ROGR_0019,RR01,PT21,ATCACG,C03,CAATCG
OmyJC19ROGR_0020,RR01,PT21,ATCACG,D03,CGCGTG
OmyJC19ROGR_0021,RR01,PT21,ATCACG,E03,GACGAC
OmyJC19ROGR_0022,RR01,PT21,ATCACG,F03,GGGCGC
OmyJC19ROGR_0023,RR01,PT21,ATCACG,G03,TACACA
OmyJC19ROGR_0024,RR01,PT21,ATCACG,H03,TGACAA
OmyJC19ROGR_0025,RR01,PT21,ATCACG,A04,AAGACG
OmyJC19ROGR_0026,RR01,PT21,ATCACG,B04,AGCGCA
OmyJC19ROGR_0027,RR01,PT21,ATCACG,C04,CACCTC
OmyJC19ROGR_0028,RR01,PT21,ATCACG,D04,CGGTCC
OmyJC19ROGR_0029,RR01,PT21,ATCACG,E04,GACTCT
OmyJC19ROGR_0030,RR01,PT21,ATCACG,F04,GGGGCG
OmyJC19ROGR_0031,RR01,PT21,ATCACG,G04,TACGGG
OmyJC19ROGR_0032,RR01,PT21,ATCACG,H04,TGCCCG
OmyJC19ROGR_0033,RR01,PT21,ATCACG,A05,AAGCTA
OmyJC19ROGR_0034,RR01,PT21,ATCACG,B05,AGGGTC
OmyJC19ROGR_0035,RR01,PT21,ATCACG,C05,CAGGCA
OmyJC19ROGR_0036,RR01,PT21,ATCACG,D05,CGTCTA
OmyJC19ROGR_0037,RR01,PT21,ATCACG,E05,GAGAGA
OmyJC19ROGR_0038,RR01,PT21,ATCACG,F05,GGTACA
OmyJC19ROGR_0039,RR01,PT21,ATCACG,G05,TAGTAT
OmyJC19ROGR_0040,RR01,PT21,ATCACG,H05,TGCTTA
OmyJC19ROGR_0041,RR01,PT21,ATCACG,A06,AATATC
OmyJC19ROGR_0042,RR01,PT21,ATCACG,B06,AGGTGT
OmyJC19ROGR_0043,RR01,PT21,ATCACG,C06,CATACT
OmyJC19ROGR_0044,RR01,PT21,ATCACG,D06,CGTGAT
OmyJC19ROGR_0045,RR01,PT21,ATCACG,E06,AATCGT
OmyJC19ROGR_0046,RR01,PT21,ATCACG,F06,GGTTTG
OmyJC19ROGR_0047,RR01,PT21,ATCACG,G06,TATCAC
OmyJC19ROGR_0048,RR01,PT21,ATCACG,H06,TGGGGA
OmyJC19ROGR_0049,RR01,PT21,ATCACG,A07,AATGAG
OmyJC19ROGR_0050,RR01,PT21,ATCACG,B07,AGTAGG
OmyJC19ROGR_0051,RR01,PT21,ATCACG,C07,CCATTT
OmyJC19ROGR_0052,RR01,PT21,ATCACG,D07,CTACAG
OmyJC19ROGR_0053,RR01,PT21,ATCACG,E07,GCAGAT
OmyJC19ROGR_0054,RR01,PT21,ATCACG,F07,GTAAGT
OmyJC19ROGR_0055,RR01,PT21,ATCACG,G07,TCAAAG
OmyJC19ROGR_0056,RR01,PT21,ATCACG,H07,TTATGA
OmyJC19ROGR_0057,RR01,PT21,ATCACG,A08,ACAAGA
OmyJC19ROGR_0058,RR01,PT21,ATCACG,B08,AGTTAA
OmyJC19ROGR_0059,RR01,PT21,ATCACG,C08,CCCGGT
OmyJC19ROGR_0060,RR01,PT21,ATCACG,D08,CTCGCC
OmyJC19ROGR_0061,RR01,PT21,ATCACG,E08,GCATGG
OmyJC19ROGR_0062,RR01,PT21,ATCACG,F08,GTATCC
OmyJC19ROGR_0063,RR01,PT21,ATCACG,G08,TCCTGC
OmyJC19ROGR_0064,RR01,PT21,ATCACG,H08,TTCCGT
OmyJC19ROGR_0065,RR01,PT21,ATCACG,A09,ACAGCG
OmyJC19ROGR_0066,RR01,PT21,ATCACG,B09,ATAGTA
OmyJC19ROGR_0067,RR01,PT21,ATCACG,C09,CCCTAA
OmyJC19ROGR_0068,RR01,PT21,ATCACG,D09,CTGCGA
OmyJC19ROGR_0069,RR01,PT21,ATCACG,E09,GCCGTA
OmyJC19ROGR_0070,RR01,PT21,ATCACG,F09,GTCATC
OmyJC19ROGR_0071,RR01,PT21,ATCACG,G09,TCGATT
OmyJC19ROGR_0072,RR01,PT21,ATCACG,H09,TTCTAG
OmyJC19ROGR_0073,RR01,PT21,ATCACG,A10,ACATAC
OmyJC19ROGR_0074,RR01,PT21,ATCACG,B10,ATCAAA
OmyJC19ROGR_0075,RR01,PT21,ATCACG,C10,CCGAGG
OmyJC19ROGR_0076,RR01,PT21,ATCACG,D10,CTGGTT
OmyJC19ROGR_0077,RR01,PT21,ATCACG,E10,GCGACC
OmyJC19ROGR_0078,RR01,PT21,ATCACG,F10,GTGCCT
OmyJC19ROGR_0079,RR01,PT21,ATCACG,G10,TCGCCA
OmyJC19ROGR_0080,RR01,PT21,ATCACG,H10,TTGAGC
OmyJC19ROGR_0081,RR01,PT21,ATCACG,A11,ACCATG
OmyJC19ROGR_0082,RR01,PT21,ATCACG,B11,ATGCAC
OmyJC19ROGR_0083,RR01,PT21,ATCACG,C11,CCGCAT
OmyJC19ROGR_0084,RR01,PT21,ATCACG,D11,CTTATG
OmyJC19ROGR_0085,RR01,PT21,ATCACG,E11,GCGCTG
OmyJC19ROGR_0086,RR01,PT21,ATCACG,F11,GTGTAA
OmyJC19ROGR_0087,RR01,PT21,ATCACG,G11,TCGGAC
OmyJC19ROGR_0088,RR01,PT21,ATCACG,H11,TTTAAT
OmyJC19ROGR_0089,RR01,PT21,ATCACG,A12,ACCCCC
OmyJC19ROGR_0090,RR01,PT21,ATCACG,B12,ATGTTG
OmyJC19ROGR_0091,RR01,PT21,ATCACG,C12,CCTAAC
OmyJC19ROGR_0092,RR01,PT21,ATCACG,D12,CTTTGC
OmyJC19ROGR_0093,RR01,PT21,ATCACG,E12,GCTCAA
OmyJC19ROGR_0094,RR01,PT21,ATCACG,F12,GTTGGA
negative,RR01,PT21,ATCACG,G12,TCTCGG
positive1,RR01,PT21,ATCACG,H12,TTTGTC
OmyJC19ROGR_0095,RR02,PT22,CGATGT,A01,AAACGG
OmyJC19ROGR_0096,RR02,PT22,CGATGT,B01,ACTCTT
OmyJC19ROGR_0097,RR02,PT22,CGATGT,C01,ATTCCG
OmyJC19ROGR_0098,RR02,PT22,CGATGT,D01,CGAGGC
OmyJC19ROGR_0099,RR02,PT22,CGATGT,E01,GAAATG
OmyJC19ROGR_0100,RR02,PT22,CGATGT,F01,GGACTT
OmyJC19ROGR_0101,RR02,PT22,CGATGT,G01,TAAGCT
OmyJC19ROGR_0102,RR02,PT22,CGATGT,H01,TCTTCT
OmyJC19ROGR_0103,RR02,PT22,CGATGT,A02,AACGTT
OmyJC19ROGR_0104,RR02,PT22,CGATGT,B02,ACTGGC
OmyJC19ROGR_0105,RR02,PT22,CGATGT,C02,CAAAAA
OmyJC19ROGR_0106,RR02,PT22,CGATGT,D02,CGCAGA
OmyJC19ROGR_0107,RR02,PT22,CGATGT,E02,GAACCA
OmyJC19ROGR_0108,RR02,PT22,CGATGT,F02,GGCAAG
OmyJC19ROGR_0109,RR02,PT22,CGATGT,G02,TAATTC
OmyJC19ROGR_0110,RR02,PT22,CGATGT,H02,TGAACC
OmyJC19ROGR_0111,RR02,PT22,CGATGT,A03,AACTGA
OmyJC19ROGR_0112,RR02,PT22,CGATGT,B03,AGCCAT
OmyJC19ROGR_0113,RR02,PT22,CGATGT,C03,CAATCG
OmyJC19ROGR_0114,RR02,PT22,CGATGT,D03,CGCGTG
OmyJC19ROGR_0115,RR02,PT22,CGATGT,E03,GACGAC
OmyJC19ROGR_0116,RR02,PT22,CGATGT,F03,GGGCGC
OmyJC19ROGR_0117,RR02,PT22,CGATGT,G03,TACACA
OmyJC19ROGR_0118,RR02,PT22,CGATGT,H03,TGACAA
OmyJC19ROGR_0119,RR02,PT22,CGATGT,A04,AAGACG
OmyJC19ROGR_0120,RR02,PT22,CGATGT,B04,AGCGCA
OmyJC19ROGR_0121,RR02,PT22,CGATGT,C04,CACCTC
OmyJC19ROGR_0122,RR02,PT22,CGATGT,D04,CGGTCC
OmyJC19ROGR_0123,RR02,PT22,CGATGT,E04,GACTCT
OmyJC19ROGR_0124,RR02,PT22,CGATGT,F04,GGGGCG
OmyJC19ROGR_0125,RR02,PT22,CGATGT,G04,TACGGG
OmyJC19ROGR_0126,RR02,PT22,CGATGT,H04,TGCCCG
OmyJC19ROGR_0127,RR02,PT22,CGATGT,A05,AAGCTA
OmyJC19ROGR_0128,RR02,PT22,CGATGT,B05,AGGGTC
OmyJC19ROGR_0129,RR02,PT22,CGATGT,C05,CAGGCA
OmyJC19ROGR_0130,RR02,PT22,CGATGT,D05,CGTCTA
OmyJC19ROGR_0131,RR02,PT22,CGATGT,E05,GAGAGA
OmyJC19ROGR_0132,RR02,PT22,CGATGT,F05,GGTACA
OmyJC19ROGR_0133,RR02,PT22,CGATGT,G05,TAGTAT
OmyJC19ROGR_0134,RR02,PT22,CGATGT,H05,TGCTTA
OmyJC19ROGR_0135,RR02,PT22,CGATGT,A06,AATATC
OmyJC19ROGR_0136,RR02,PT22,CGATGT,B06,AGGTGT
OmyJC19ROGR_0137,RR02,PT22,CGATGT,C06,CATACT
OmyJC19ROGR_0138,RR02,PT22,CGATGT,D06,CGTGAT
OmyJC19ROGR_0139,RR02,PT22,CGATGT,E06,AATCGT
OmyJC19ROGR_0140,RR02,PT22,CGATGT,F06,GGTTTG
OmyJC19ROGR_0141,RR02,PT22,CGATGT,G06,TATCAC
OmyJC19ROGR_0142,RR02,PT22,CGATGT,H06,TGGGGA
OmyJC19ROGR_0143,RR02,PT22,CGATGT,A07,AATGAG
OmyJC19ROGR_0144,RR02,PT22,CGATGT,B07,AGTAGG
OmyJC19ROGR_0145,RR02,PT22,CGATGT,C07,CCATTT
OmyJC19ROGR_0146,RR02,PT22,CGATGT,D07,CTACAG
OmyJC19ROGR_0147,RR02,PT22,CGATGT,E07,GCAGAT
OmyJC19ROGR_0148,RR02,PT22,CGATGT,F07,GTAAGT
OmyJC19ROGR_0149,RR02,PT22,CGATGT,G07,TCAAAG
OmyJC19ROGR_0150,RR02,PT22,CGATGT,H07,TTATGA
OmyJC19ROGR_0151,RR02,PT22,CGATGT,A08,ACAAGA
OmyJC19ROGR_0152,RR02,PT22,CGATGT,B08,AGTTAA
OmyJC19ROGR_0153,RR02,PT22,CGATGT,C08,CCCGGT
OmyJC19ROGR_0154,RR02,PT22,CGATGT,D08,CTCGCC
OmyJC19ROGR_0155,RR02,PT22,CGATGT,E08,GCATGG
OmyJC19ROGR_0156,RR02,PT22,CGATGT,F08,GTATCC
OmyJC19ROGR_0157,RR02,PT22,CGATGT,G08,TCCTGC
OmyJC19ROGR_0158,RR02,PT22,CGATGT,H08,TTCCGT
OmyJC19ROGR_0159,RR02,PT22,CGATGT,A09,ACAGCG
OmyJC19ROGR_0160,RR02,PT22,CGATGT,B09,ATAGTA
OmyJC19ROGR_0161,RR02,PT22,CGATGT,C09,CCCTAA
OmyJC19ROGR_0162,RR02,PT22,CGATGT,D09,CTGCGA
OmyJC19ROGR_0163,RR02,PT22,CGATGT,E09,GCCGTA
OmyJC19ROGR_0164,RR02,PT22,CGATGT,F09,GTCATC
OmyJC19ROGR_0165,RR02,PT22,CGATGT,G09,TCGATT
OmyJC19ROGR_0166,RR02,PT22,CGATGT,H09,TTCTAG
OmyJC19ROGR_0167,RR02,PT22,CGATGT,A10,ACATAC
OmyJC19ROGR_0168,RR02,PT22,CGATGT,B10,ATCAAA
OmyJC19ROGR_0169,RR02,PT22,CGATGT,C10,CCGAGG
OmyJC19ROGR_0170,RR02,PT22,CGATGT,D10,CTGGTT
OmyJC19ROGR_0171,RR02,PT22,CGATGT,E10,GCGACC
OmyJC19ROGR_0172,RR02,PT22,CGATGT,F10,GTGCCT
OmyJC19ROGR_0173,RR02,PT22,CGATGT,G10,TCGCCA
OmyJC19ROGR_0174,RR02,PT22,CGATGT,H10,TTGAGC
OmyJC19ROGR_0175,RR02,PT22,CGATGT,A11,ACCATG
OmyJC19ROGR_0176,RR02,PT22,CGATGT,B11,ATGCAC
OmyJC19ROGR_0177,RR02,PT22,CGATGT,C11,CCGCAT
OmyJC19ROGR_0178,RR02,PT22,CGATGT,D11,CTTATG
OmyJC19ROGR_0179,RR02,PT22,CGATGT,E11,GCGCTG
OmyJC19ROGR_0180,RR02,PT22,CGATGT,F11,GTGTAA
OmyJC19ROGR_0181,RR02,PT22,CGATGT,G11,TCGGAC
OmyJC19ROGR_0182,RR02,PT22,CGATGT,H11,TTTAAT
OmyJC19ROGR_0183,RR02,PT22,CGATGT,A12,ACCCCC
OmyJC19ROGR_0184,RR02,PT22,CGATGT,B12,ATGTTG
OmyJC19ROGR_0185,RR02,PT22,CGATGT,C12,CCTAAC
OmyJC19ROGR_0186,RR02,PT22,CGATGT,D12,CTTTGC
OmyJC19ROGR_0187,RR02,PT22,CGATGT,E12,GCTCAA
OmyJC19ROGR_0188,RR02,PT22,CGATGT,F12,GTTGGA
negative,RR02,PT22,CGATGT,G12,TCTCGG
positive2,RR02,PT22,CGATGT,H12,TTTGTC
OmyJC19ROGR_0189,RR03,PT23,TTAGGC,A01,AAACGG
OmyJC19ROGR_0190,RR03,PT23,TTAGGC,B01,ACTCTT
OmyJC19ROGR_0191,RR03,PT23,TTAGGC,C01,ATTCCG
OmyJC19ROGR_0192,RR03,PT23,TTAGGC,D01,CGAGGC
OmyJC19ROGR_0193,RR03,PT23,TTAGGC,E01,GAAATG
OmyJC19ROGR_0194,RR03,PT23,TTAGGC,F01,GGACTT
OmyJC19ROGR_0195,RR03,PT23,TTAGGC,G01,TAAGCT
OmyJC19ROGR_0196,RR03,PT23,TTAGGC,H01,TCTTCT
OmyJC19ROGR_0197,RR03,PT23,TTAGGC,A02,AACGTT
OmyJC19ROGR_0198,RR03,PT23,TTAGGC,B02,ACTGGC
OmyJC19ROGR_0199,RR03,PT23,TTAGGC,C02,CAAAAA
OmyJC19ROGR_0200,RR03,PT23,TTAGGC,D02,CGCAGA
OmyJC19ROGR_0201,RR03,PT23,TTAGGC,E02,GAACCA
OmyJC19ROGR_0202,RR03,PT23,TTAGGC,F02,GGCAAG
OmyJC19ROGR_0203,RR03,PT23,TTAGGC,G02,TAATTC
OmyJC19ROGR_0204,RR03,PT23,TTAGGC,H02,TGAACC
OmyJC19ROGR_0205,RR03,PT23,TTAGGC,A03,AACTGA
OmyJC19ROGR_0206,RR03,PT23,TTAGGC,B03,AGCCAT
OmyJC19ROGR_0207,RR03,PT23,TTAGGC,C03,CAATCG
OmyJC19ROGR_0208,RR03,PT23,TTAGGC,D03,CGCGTG
OmyJC19ROGR_0209,RR03,PT23,TTAGGC,E03,GACGAC
OmyJC19ROGR_0210,RR03,PT23,TTAGGC,F03,GGGCGC
OmyJC19ROGR_0211,RR03,PT23,TTAGGC,G03,TACACA
OmyJC19ROGR_0212,RR03,PT23,TTAGGC,H03,TGACAA
OmyJC19ROGR_0213,RR03,PT23,TTAGGC,A04,AAGACG
OmyJC19ROGR_0214,RR03,PT23,TTAGGC,B04,AGCGCA
OmyJC19ROGR_0215,RR03,PT23,TTAGGC,C04,CACCTC
OmyJC19ROGR_0216,RR03,PT23,TTAGGC,D04,CGGTCC
OmyJC19ROGR_0217,RR03,PT23,TTAGGC,E04,GACTCT
OmyJC19ROGR_0218,RR03,PT23,TTAGGC,F04,GGGGCG
OmyJC19ROGR_0219,RR03,PT23,TTAGGC,G04,TACGGG
OmyJC19ROGR_0220,RR03,PT23,TTAGGC,H04,TGCCCG
OmyJC19ROGR_0221,RR03,PT23,TTAGGC,A05,AAGCTA
OmyJC19ROGR_0222,RR03,PT23,TTAGGC,B05,AGGGTC
OmyJC19ROGR_0223,RR03,PT23,TTAGGC,C05,CAGGCA
OmyJC19ROGR_0224,RR03,PT23,TTAGGC,D05,CGTCTA
OmyJC19ROGR_0225,RR03,PT23,TTAGGC,E05,GAGAGA
OmyJC19ROGR_0226,RR03,PT23,TTAGGC,F05,GGTACA
OmyJC19ROGR_0227,RR03,PT23,TTAGGC,G05,TAGTAT
OmyJC19ROGR_0228,RR03,PT23,TTAGGC,H05,TGCTTA
OmyJC19ROGR_0229,RR03,PT23,TTAGGC,A06,AATATC
OmyJC19ROGR_0230,RR03,PT23,TTAGGC,B06,AGGTGT
OmyJC19ROGR_0231,RR03,PT23,TTAGGC,C06,CATACT
OmyJC19ROGR_0232,RR03,PT23,TTAGGC,D06,CGTGAT
OmyJC19ROGR_0233,RR03,PT23,TTAGGC,E06,AATCGT
OmyJC19ROGR_0234,RR03,PT23,TTAGGC,F06,GGTTTG
OmyJC19ROGR_0235,RR03,PT23,TTAGGC,G06,TATCAC
OmyJC19ROGR_0236,RR03,PT23,TTAGGC,H06,TGGGGA
OmyJC19ROGR_0237,RR03,PT23,TTAGGC,A07,AATGAG
OmyJC19ROGR_0238,RR03,PT23,TTAGGC,B07,AGTAGG
OmyJC19ROGR_0239,RR03,PT23,TTAGGC,C07,CCATTT
OmyJC19ROGR_0240,RR03,PT23,TTAGGC,D07,CTACAG
OmyJC19ROGR_0241,RR03,PT23,TTAGGC,E07,GCAGAT
OmyJC19ROGR_0242,RR03,PT23,TTAGGC,F07,GTAAGT
OmyJC19ROGR_0243,RR03,PT23,TTAGGC,G07,TCAAAG
OmyJC19ROGR_0244,RR03,PT23,TTAGGC,H07,TTATGA
OmyJC19ROGR_0245,RR03,PT23,TTAGGC,A08,ACAAGA
OmyJC19ROGR_0246,RR03,PT23,TTAGGC,B08,AGTTAA
OmyJC19ROGR_0247,RR03,PT23,TTAGGC,C08,CCCGGT
OmyJC19ROGR_0248,RR03,PT23,TTAGGC,D08,CTCGCC
OmyJC19ROGR_0249,RR03,PT23,TTAGGC,E08,GCATGG
OmyJC19ROGR_0250,RR03,PT23,TTAGGC,F08,GTATCC
OmyJC19ROGR_0251,RR03,PT23,TTAGGC,G08,TCCTGC
OmyJC19ROGR_0252,RR03,PT23,TTAGGC,H08,TTCCGT
OmyJC19ROGR_0253,RR03,PT23,TTAGGC,A09,ACAGCG
OmyJC19ROGR_0254,RR03,PT23,TTAGGC,B09,ATAGTA
OmyJC19ROGR_0255,RR03,PT23,TTAGGC,C09,CCCTAA
OmyJC19ROGR_0256,RR03,PT23,TTAGGC,D09,CTGCGA
OmyJC19ROGR_0257,RR03,PT23,TTAGGC,E09,GCCGTA
OmyJC19ROGR_0258,RR03,PT23,TTAGGC,F09,GTCATC
OmyJC19ROGR_0259,RR03,PT23,TTAGGC,G09,TCGATT
OmyJC19ROGR_0260,RR03,PT23,TTAGGC,H09,TTCTAG
OmyJC19ROGR_0261,RR03,PT23,TTAGGC,A10,ACATAC
OmyJC19ROGR_0262,RR03,PT23,TTAGGC,B10,ATCAAA
OmyJC19ROGR_0263,RR03,PT23,TTAGGC,C10,CCGAGG
OmyJC19ROGR_0264,RR03,PT23,TTAGGC,D10,CTGGTT
OmyJC19ROGR_0265,RR03,PT23,TTAGGC,E10,GCGACC
OmyJC19ROGR_0266,RR03,PT23,TTAGGC,F10,GTGCCT
OmyJC19ROGR_0267,RR03,PT23,TTAGGC,G10,TCGCCA
OmyJC19ROGR_0268,RR03,PT23,TTAGGC,H10,TTGAGC
OmyJC19ROGR_0269,RR03,PT23,TTAGGC,A11,ACCATG
OmyJC19ROGR_0270,RR03,PT23,TTAGGC,B11,ATGCAC
OmyJC19ROGR_0271,RR03,PT23,TTAGGC,C11,CCGCAT
OmyJC19ROGR_0272,RR03,PT23,TTAGGC,D11,CTTATG
OmyJC19ROGR_0273,RR03,PT23,TTAGGC,E11,GCGCTG
OmyJC19ROGR_0274,RR03,PT23,TTAGGC,F11,GTGTAA
OmyJC19ROGR_0275,RR03,PT23,TTAGGC,G11,TCGGAC
OmyJC19ROGR_0276,RR03,PT23,TTAGGC,H11,TTTAAT
OmyJC19ROGR_0277,RR03,PT23,TTAGGC,A12,ACCCCC
OmyJC19ROGR_0278,RR03,PT23,TTAGGC,B12,ATGTTG
OmyJC19ROGR_0279,RR03,PT23,TTAGGC,C12,CCTAAC
OmyJC19ROGR_0280,RR03,PT23,TTAGGC,D12,CTTTGC
OmyJC19ROGR_0281,RR03,PT23,TTAGGC,E12,GCTCAA
OmyJC19ROGR_0282,RR03,PT23,TTAGGC,F12,GTTGGA
negative,RR03,PT23,TTAGGC,G12,TCTCGG
positive3,RR03,PT23,TTAGGC,H12,TTTGTC
OmyJC19ROGR_0283,RR04,PT24,TGACCA,A01,AAACGG
OmyJC19ROGR_0284,RR04,PT24,TGACCA,B01,ACTCTT
OmyJC19ROGR_0285,RR04,PT24,TGACCA,C01,ATTCCG
OmyJC19ROGR_0286,RR04,PT24,TGACCA,D01,CGAGGC
OmyJC19ROGR_0287,RR04,PT24,TGACCA,E01,GAAATG
OmyJC19ROGR_0288,RR04,PT24,TGACCA,F01,GGACTT
OmyJC19ROGR_0289,RR04,PT24,TGACCA,G01,TAAGCT
OmyJC19ROGR_0290,RR04,PT24,TGACCA,H01,TCTTCT
OmyJC19ROGR_0291,RR04,PT24,TGACCA,A02,AACGTT
OmyJC19ROGR_0292,RR04,PT24,TGACCA,B02,ACTGGC
OmyJC19ROGR_0293,RR04,PT24,TGACCA,C02,CAAAAA
OmyJC19ROGR_0294,RR04,PT24,TGACCA,D02,CGCAGA
OmyJC19ROGR_0295,RR04,PT24,TGACCA,E02,GAACCA
OmyJC19ROGR_0296,RR04,PT24,TGACCA,F02,GGCAAG
OmyJC19ROGR_0297,RR04,PT24,TGACCA,G02,TAATTC
OmyJC19ROGR_0298,RR04,PT24,TGACCA,H02,TGAACC
OmyJC19ROGR_0299,RR04,PT24,TGACCA,A03,AACTGA
OmyJC19ROGR_0300,RR04,PT24,TGACCA,B03,AGCCAT
OmyJC19ROGR_0301,RR04,PT24,TGACCA,C03,CAATCG
OmyJC19ROGR_0302,RR04,PT24,TGACCA,D03,CGCGTG
OmyJC19ROGR_0303,RR04,PT24,TGACCA,E03,GACGAC
OmyJC19ROGR_0304,RR04,PT24,TGACCA,F03,GGGCGC
OmyJC19ROGR_0305,RR04,PT24,TGACCA,G03,TACACA
OmyJC19ROGR_0306,RR04,PT24,TGACCA,H03,TGACAA
OmyJC19ROGR_0307,RR04,PT24,TGACCA,A04,AAGACG
OmyJC19ROGR_0308,RR04,PT24,TGACCA,B04,AGCGCA
OmyJC19ROGR_0309,RR04,PT24,TGACCA,C04,CACCTC
OmyJC19ROGR_0310,RR04,PT24,TGACCA,D04,CGGTCC
OmyJC19ROGR_0311,RR04,PT24,TGACCA,E04,GACTCT
OmyJC19ROGR_0312,RR04,PT24,TGACCA,F04,GGGGCG
OmyJC19ROGR_0313,RR04,PT24,TGACCA,G04,TACGGG
OmyJC19ROGR_0314,RR04,PT24,TGACCA,H04,TGCCCG
OmyJC19ROGR_0315,RR04,PT24,TGACCA,A05,AAGCTA
OmyJC19ROGR_0316,RR04,PT24,TGACCA,B05,AGGGTC
OmyJC19ROGR_0317,RR04,PT24,TGACCA,C05,CAGGCA
OmyJC19ROGR_0318,RR04,PT24,TGACCA,D05,CGTCTA
OmyJC19ROGR_0319,RR04,PT24,TGACCA,E05,GAGAGA
OmyJC19ROGR_0320,RR04,PT24,TGACCA,F05,GGTACA
OmyJC19ROGR_0321,RR04,PT24,TGACCA,G05,TAGTAT
OmyJC19ROGR_0322,RR04,PT24,TGACCA,H05,TGCTTA
OmyJC19ROGR_0323,RR04,PT24,TGACCA,A06,AATATC
OmyJC19ROGR_0324,RR04,PT24,TGACCA,B06,AGGTGT
OmyJC19ROGR_0325,RR04,PT24,TGACCA,C06,CATACT
OmyJC19ROGR_0326,RR04,PT24,TGACCA,D06,CGTGAT
OmyJC19ROGR_0327,RR04,PT24,TGACCA,E06,AATCGT
OmyJC19ROGR_0328,RR04,PT24,TGACCA,F06,GGTTTG
OmyJC19ROGR_0329,RR04,PT24,TGACCA,G06,TATCAC
OmyJC19ROGR_0330,RR04,PT24,TGACCA,H06,TGGGGA
OmyJC19ROGR_0331,RR04,PT24,TGACCA,A07,AATGAG
OmyJC19ROGR_0010,RR04,PT24,TGACCA,B07,AGTAGG
OmyJC19ROGR_0030,RR04,PT24,TGACCA,C07,CCATTT
OmyJC19ROGR_0050,RR04,PT24,TGACCA,D07,CTACAG
OmyJC19ROGR_0070,RR04,PT24,TGACCA,E07,GCAGAT
OmyJC19ROGR_0090,RR04,PT24,TGACCA,F07,GTAAGT
OmyJC19ROGR_0110,RR04,PT24,TGACCA,G07,TCAAAG
OmyJC19ROGR_0130,RR04,PT24,TGACCA,H07,TTATGA
OmyJC19ROGR_0150,RR04,PT24,TGACCA,A08,ACAAGA
OmyJC19ROGR_0169,RR04,PT24,TGACCA,B08,AGTTAA
OmyJC19ROGR_0190,RR04,PT24,TGACCA,C08,CCCGGT
OmyJC19ROGR_0210,RR04,PT24,TGACCA,D08,CTCGCC
OmyJC19ROGR_0230,RR04,PT24,TGACCA,E08,GCATGG
OmyJC19ROGR_0250,RR04,PT24,TGACCA,F08,GTATCC
OmyJC19ROGR_0270,RR04,PT24,TGACCA,G08,TCCTGC
OmyJC19ROGR_0290,RR04,PT24,TGACCA,H08,TTCCGT
OmyJC19ROGR_0310,RR04,PT24,TGACCA,A09,ACAGCG
OmyJC19ROGR_0330,RR04,PT24,TGACCA,B09,ATAGTA
OmyJC19ROGR_0050,RR04,PT24,TGACCA,C09,CCCTAA
OmyJC19ROGR_0148,RR04,PT24,TGACCA,D09,CTGCGA
OmyJC19ROGR_0169,RR04,PT24,TGACCA,E09,GCCGTA
OmyJC19ROGR_0170,RR04,PT24,TGACCA,F09,GTCATC
negative,RR04,PT24,TGACCA,G09,TCGATT
positive4,RR04,PT24,TGACCA,H09,TTCTAG
OmyAC19ROGR_3410,RR05,PT25,ACAGTG,A01,AAACGG
OmyAC19ROGR_3420,RR05,PT25,ACAGTG,B01,ACTCTT
OmyAC19ROGR_4038,RR05,PT25,ACAGTG,C01,ATTCCG
OmyAC19ROGR_4044,RR05,PT25,ACAGTG,D01,CGAGGC
OmyAC19ROGR_4060,RR05,PT25,ACAGTG,E01,GAAATG
OmyAC19ROGR_4064,RR05,PT25,ACAGTG,F01,GGACTT
OmyAC19ROGR_4087,RR05,PT25,ACAGTG,G01,TAAGCT
OmyAC19ROGR_4153,RR05,PT25,ACAGTG,H01,TCTTCT
OmyAC19ROGR_4154,RR05,PT25,ACAGTG,A02,AACGTT
OmyAC19ROGR_4163,RR05,PT25,ACAGTG,B02,ACTGGC
OmyAC19ROGR_4239,RR05,PT25,ACAGTG,C02,CAAAAA
OmyAC19ROGR_4242,RR05,PT25,ACAGTG,D02,CGCAGA
OmyAC19ROGR_4245,RR05,PT25,ACAGTG,E02,GAACCA
OmyAC19ROGR_4246,RR05,PT25,ACAGTG,F02,GGCAAG
OmyAC19ROGR_4248,RR05,PT25,ACAGTG,G02,TAATTC
OmyAC19ROGR_4252,RR05,PT25,ACAGTG,H02,TGAACC
OmyAC19ROGR_4253,RR05,PT25,ACAGTG,A03,AACTGA
OmyAC19ROGR_4254,RR05,PT25,ACAGTG,B03,AGCCAT
OmyAC19ROGR_4287,RR05,PT25,ACAGTG,C03,CAATCG
OmyAC19ROGR_4306,RR05,PT25,ACAGTG,D03,CGCGTG
OmyAC19ROGR_4338,RR05,PT25,ACAGTG,E03,GACGAC
OmyAC19ROGR_4402,RR05,PT25,ACAGTG,F03,GGGCGC
OmyAC19ROGR_4403,RR05,PT25,ACAGTG,G03,TACACA
OmyAC19ROGR_4518,RR05,PT25,ACAGTG,H03,TGACAA
OmyAC19ROGR_4557,RR05,PT25,ACAGTG,A04,AAGACG
OmyAC19ROGR_4568,RR05,PT25,ACAGTG,B04,AGCGCA
OmyAC19ROGR_4593,RR05,PT25,ACAGTG,C04,CACCTC
OmyAC19ROGR_4607,RR05,PT25,ACAGTG,D04,CGGTCC
OmyAC19ROGR_4650,RR05,PT25,ACAGTG,E04,GACTCT
OmyAC19ROGR_4787,RR05,PT25,ACAGTG,F04,GGGGCG
OmyAC19ROGR_4803,RR05,PT25,ACAGTG,G04,TACGGG
OmyAC19ROGR_4833,RR05,PT25,ACAGTG,H04,TGCCCG
OmyAC19ROGR_4845,RR05,PT25,ACAGTG,A05,AAGCTA
OmyAC19ROGR_4846,RR05,PT25,ACAGTG,B05,AGGGTC
OmyAC19ROGR_4847,RR05,PT25,ACAGTG,C05,CAGGCA
OmyAC19ROGR_4868,RR05,PT25,ACAGTG,D05,CGTCTA
OmyAC19ROGR_4883,RR05,PT25,ACAGTG,E05,GAGAGA
OmyAC19ROGR_4898,RR05,PT25,ACAGTG,F05,GGTACA
OmyAC19ROGR_4913,RR05,PT25,ACAGTG,G05,TAGTAT
OmyAC19ROGR_4914,RR05,PT25,ACAGTG,H05,TGCTTA
OmyAC19ROGR_4928,RR05,PT25,ACAGTG,A06,AATATC
OmyAC19ROGR_4947,RR05,PT25,ACAGTG,B06,AGGTGT
OmyAC19ROGR_4967,RR05,PT25,ACAGTG,C06,CATACT
OmyAC19ROGR_4970,RR05,PT25,ACAGTG,D06,CGTGAT
OmyAC19ROGR_4971,RR05,PT25,ACAGTG,E06,AATCGT
OmyAC19ROGR_4972,RR05,PT25,ACAGTG,F06,GGTTTG
OmyAC19ROGR_5052,RR05,PT25,ACAGTG,G06,TATCAC
OmyAC19ROGR_5055,RR05,PT25,ACAGTG,H06,TGGGGA
OmyAC19ROGR_5056,RR05,PT25,ACAGTG,A07,AATGAG
OmyAC19ROGR_5064,RR05,PT25,ACAGTG,B07,AGTAGG
OmyAC19ROGR_5083,RR05,PT25,ACAGTG,C07,CCATTT
OmyAC19ROGR_5128,RR05,PT25,ACAGTG,D07,CTACAG
OmyAC19ROGR_5129,RR05,PT25,ACAGTG,E07,GCAGAT
OmyAC19ROGR_5195,RR05,PT25,ACAGTG,F07,GTAAGT
OmyAC19ROGR_5225,RR05,PT25,ACAGTG,G07,TCAAAG
OmyAC19ROGR_5249,RR05,PT25,ACAGTG,H07,TTATGA
OmyAC19ROGR_5250,RR05,PT25,ACAGTG,A08,ACAAGA
OmyAC19ROGR_5287,RR05,PT25,ACAGTG,B08,AGTTAA
OmyAC19ROGR_5320,RR05,PT25,ACAGTG,C08,CCCGGT
OmyAC19ROGR_5327,RR05,PT25,ACAGTG,D08,CTCGCC
OmyAC19ROGR_5328,RR05,PT25,ACAGTG,E08,GCATGG
OmyAC19ROGR_5363,RR05,PT25,ACAGTG,F08,GTATCC
OmyAC19ROGR_5398,RR05,PT25,ACAGTG,G08,TCCTGC
OmyAC19ROGR_5399,RR05,PT25,ACAGTG,H08,TTCCGT
OmyAC19ROGR_5417,RR05,PT25,ACAGTG,A09,ACAGCG
OmyAC19ROGR_5434,RR05,PT25,ACAGTG,B09,ATAGTA
OmyAC19ROGR_5445,RR05,PT25,ACAGTG,C09,CCCTAA
OmyAC19ROGR_5446,RR05,PT25,ACAGTG,D09,CTGCGA
OmyAC19ROGR_5452,RR05,PT25,ACAGTG,E09,GCCGTA
OmyAC19ROGR_5453,RR05,PT25,ACAGTG,F09,GTCATC
OmyAC19ROGR_5454,RR05,PT25,ACAGTG,G09,TCGATT
OmyAC19ROGR_5455,RR05,PT25,ACAGTG,H09,TTCTAG
OmyAC19ROGR_5469,RR05,PT25,ACAGTG,A10,ACATAC
OmyAC19ROGR_5470,RR05,PT25,ACAGTG,B10,ATCAAA
OmyAC19ROGR_5494,RR05,PT25,ACAGTG,C10,CCGAGG
OmyAC19ROGR_5505,RR05,PT25,ACAGTG,D10,CTGGTT
OmyAC19ROGR_5506,RR05,PT25,ACAGTG,E10,GCGACC
OmyAC19ROGR_5507,RR05,PT25,ACAGTG,F10,GTGCCT
OmyAC19ROGR_5508,RR05,PT25,ACAGTG,G10,TCGCCA
OmyAC19ROGR_5509,RR05,PT25,ACAGTG,H10,TTGAGC
OmyAC19ROGR_5531,RR05,PT25,ACAGTG,A11,ACCATG
OmyAC19ROGR_5532,RR05,PT25,ACAGTG,B11,ATGCAC
OmyAC19ROGR_5542,RR05,PT25,ACAGTG,C11,CCGCAT
OmyAC19ROGR_5543,RR05,PT25,ACAGTG,D11,CTTATG
OmyAC19ROGR_5544,RR05,PT25,ACAGTG,E11,GCGCTG
OmyAC19ROGR_5580,RR05,PT25,ACAGTG,F11,GTGTAA
OmyAC19ROGR_5581,RR05,PT25,ACAGTG,G11,TCGGAC
OmyAC19ROGR_5602,RR05,PT25,ACAGTG,H11,TTTAAT
OmyAC19ROGR_5609,RR05,PT25,ACAGTG,A12,ACCCCC
OmyAC19ROGR_5614,RR05,PT25,ACAGTG,B12,ATGTTG
OmyAC19ROGR_5620,RR05,PT25,ACAGTG,C12,CCTAAC
OmyAC19ROGR_5621,RR05,PT25,ACAGTG,D12,CTTTGC
OmyAC19ROGR_5622,RR05,PT25,ACAGTG,E12,GCTCAA
OmyAC19ROGR_5624,RR05,PT25,ACAGTG,F12,GTTGGA
negative,RR05,PT25,ACAGTG,G12,TCTCGG
positive5,RR05,PT25,ACAGTG,H12,TTTGTC
OmyAC19ROGR_5625,RR06,PT26,GCCAAT,A01,AAACGG
OmyAC19ROGR_5626,RR06,PT26,GCCAAT,B01,ACTCTT
OmyAC19ROGR_5627,RR06,PT26,GCCAAT,C01,ATTCCG
OmyAC19ROGR_5628,RR06,PT26,GCCAAT,D01,CGAGGC
OmyAC19ROGR_5629,RR06,PT26,GCCAAT,E01,GAAATG
OmyAC19ROGR_5630,RR06,PT26,GCCAAT,F01,GGACTT
OmyAC19ROGR_5631,RR06,PT26,GCCAAT,G01,TAAGCT
OmyAC19ROGR_5666,RR06,PT26,GCCAAT,H01,TCTTCT
OmyAC19ROGR_5678,RR06,PT26,GCCAAT,A02,AACGTT
OmyAC19ROGR_5679,RR06,PT26,GCCAAT,B02,ACTGGC
OmyAC19ROGR_5697,RR06,PT26,GCCAAT,C02,CAAAAA
OmyAC19ROGR_5698,RR06,PT26,GCCAAT,D02,CGCAGA
OmyAC19ROGR_5699,RR06,PT26,GCCAAT,E02,GAACCA
OmyAC19ROGR_5711,RR06,PT26,GCCAAT,F02,GGCAAG
OmyAC19ROGR_5712,RR06,PT26,GCCAAT,G02,TAATTC
OmyAC19ROGR_5713,RR06,PT26,GCCAAT,H02,TGAACC
OmyAC19ROGR_5720,RR06,PT26,GCCAAT,A03,AACTGA
OmyAC19ROGR_5721,RR06,PT26,GCCAAT,B03,AGCCAT
OmyAC19ROGR_5722,RR06,PT26,GCCAAT,C03,CAATCG
OmyAC19ROGR_5723,RR06,PT26,GCCAAT,D03,CGCGTG
OmyAC19ROGR_5724,RR06,PT26,GCCAAT,E03,GACGAC
OmyAC19ROGR_5725,RR06,PT26,GCCAAT,F03,GGGCGC
OmyAC19ROGR_5742,RR06,PT26,GCCAAT,G03,TACACA
OmyAC19ROGR_5750,RR06,PT26,GCCAAT,H03,TGACAA
OmyAC19ROGR_5751,RR06,PT26,GCCAAT,A04,AAGACG
OmyAC19ROGR_5753,RR06,PT26,GCCAAT,B04,AGCGCA
OmyAC19ROGR_5756,RR06,PT26,GCCAAT,C04,CACCTC
OmyAC19ROGR_5757,RR06,PT26,GCCAAT,D04,CGGTCC
OmyAC19ROGR_5766,RR06,PT26,GCCAAT,E04,GACTCT
OmyAC19ROGR_5779,RR06,PT26,GCCAAT,F04,GGGGCG
OmyAC19ROGR_5808,RR06,PT26,GCCAAT,G04,TACGGG
OmyAC19ROGR_5809,RR06,PT26,GCCAAT,H04,TGCCCG
OmyAC19ROGR_5810,RR06,PT26,GCCAAT,A05,AAGCTA
OmyAC19ROGR_5811,RR06,PT26,GCCAAT,B05,AGGGTC
OmyAC19ROGR_5812,RR06,PT26,GCCAAT,C05,CAGGCA
OmyAC19ROGR_5814,RR06,PT26,GCCAAT,D05,CGTCTA
OmyAC19ROGR_5816,RR06,PT26,GCCAAT,E05,GAGAGA
OmyAC19ROGR_5817,RR06,PT26,GCCAAT,F05,GGTACA
OmyAC19ROGR_5818,RR06,PT26,GCCAAT,G05,TAGTAT
OmyAC19ROGR_5819,RR06,PT26,GCCAAT,H05,TGCTTA
OmyAC19ROGR_5820,RR06,PT26,GCCAAT,A06,AATATC
OmyAC19ROGR_5823,RR06,PT26,GCCAAT,B06,AGGTGT
OmyAC19ROGR_5833,RR06,PT26,GCCAAT,C06,CATACT
OmyAC19ROGR_5834,RR06,PT26,GCCAAT,D06,CGTGAT
OmyAC19ROGR_5836,RR06,PT26,GCCAAT,E06,AATCGT
OmyAC19ROGR_5840,RR06,PT26,GCCAAT,F06,GGTTTG
OmyAC19ROGR_5841,RR06,PT26,GCCAAT,G06,TATCAC
OmyAC19ROGR_5842,RR06,PT26,GCCAAT,H06,TGGGGA
OmyAC19ROGR_5844,RR06,PT26,GCCAAT,A07,AATGAG
OmyAC19ROGR_5845,RR06,PT26,GCCAAT,B07,AGTAGG
OmyAC19ROGR_5846,RR06,PT26,GCCAAT,C07,CCATTT
OmyAC19ROGR_5893,RR06,PT26,GCCAAT,D07,CTACAG
OmyAC19ROGR_5898,RR06,PT26,GCCAAT,E07,GCAGAT
OmyAC19ROGR_5913,RR06,PT26,GCCAAT,F07,GTAAGT
OmyAC19ROGR_5938,RR06,PT26,GCCAAT,G07,TCAAAG
OmyAC19ROGR_5961,RR06,PT26,GCCAAT,H07,TTATGA
OmyAC19ROGR_5987,RR06,PT26,GCCAAT,A08,ACAAGA
OmyAC19ROGR_5992,RR06,PT26,GCCAAT,B08,AGTTAA
OmyAC19ROGR_5996,RR06,PT26,GCCAAT,C08,CCCGGT
OmyAC19ROGR_5997,RR06,PT26,GCCAAT,D08,CTCGCC
OmyAC19ROGR_6016,RR06,PT26,GCCAAT,E08,GCATGG
OmyAC19ROGR_6017,RR06,PT26,GCCAAT,F08,GTATCC
OmyAC19ROGR_6024,RR06,PT26,GCCAAT,G08,TCCTGC
OmyAC19ROGR_6033,RR06,PT26,GCCAAT,H08,TTCCGT
OmyAC19ROGR_6039,RR06,PT26,GCCAAT,A09,ACAGCG
OmyAC19ROGR_6072,RR06,PT26,GCCAAT,B09,ATAGTA
OmyAC19ROGR_6119,RR06,PT26,GCCAAT,C09,CCCTAA
OmyAC19ROGR_6125,RR06,PT26,GCCAAT,D09,CTGCGA
OmyAC19ROGR_6128,RR06,PT26,GCCAAT,E09,GCCGTA
OmyAC19ROGR_6140,RR06,PT26,GCCAAT,F09,GTCATC
OmyAC19ROGR_6155,RR06,PT26,GCCAAT,G09,TCGATT
OmyAC19ROGR_0053,RR06,PT26,GCCAAT,H09,TTCTAG
OmyAC19ROGR_3410,RR06,PT26,GCCAAT,A10,ACATAC
OmyAC19ROGR_4650,RR06,PT26,GCCAAT,B10,ATCAAA
OmyAC19ROGR_4970,RR06,PT26,GCCAAT,C10,CCGAGG
OmyAC19ROGR_5250,RR06,PT26,GCCAAT,D10,CTGGTT
OmyAC19ROGR_5470,RR06,PT26,GCCAAT,E10,GCGACC
OmyAC19ROGR_5630,RR06,PT26,GCCAAT,F10,GTGCCT
OmyAC19ROGR_5750,RR06,PT26,GCCAAT,G10,TCGCCA
OmyAC19ROGR_5810,RR06,PT26,GCCAAT,H10,TTGAGC
positive6,RR06,PT26,GCCAAT,A11,ACCATG
positive7,RR06,PT26,GCCAAT,B11,ATGCAC
positive8,RR06,PT26,GCCAAT,C11,CCGCAT
positive9,RR06,PT26,GCCAAT,D11,CTTATG
positive10,RR06,PT26,GCCAAT,E11,GCGCTG
positive11,RR06,PT26,GCCAAT,F11,GTGTAA
negative,RR06,PT26,GCCAAT,G11,TCGGAC
positive12,RR06,PT26,GCCAAT,H11,TTTAAT
